question,answer
What is your name?,My name is ChatGPT.
What is the capital of France?,The capital of France is Paris.
What is 2 + 2?,2 + 2 equals 4.
What is the largest planet in our solar system?,The largest planet in our solar system is Jupiter.
What is the boiling point of water?,The boiling point of water is 100 degrees Celsius.
What is your name?,My name is ChatGPT.
What is the capital of France?,The capital of France is Paris.
What is 2 + 2?,2 + 2 equals 4.
What is the largest planet in our solar system?,The largest planet in our solar system is Jupiter.
What is the boiling point of water?,The boiling point of water is 100 degrees Celsius.
What is your name?,My name is ChatGPT.
What is the capital of France?,The capital of France is Paris.
What is 2 + 2?,2 + 2 equals 4.
What is the largest planet in our solar system?,The largest planet in our solar system is Jupiter.
What is the boiling point of water?,The boiling point of water is 100 degrees Celsius.
What is your name?,My name is ChatGPT.
What is the capital of France?,The capital of France is Paris.
What is 2 + 2?,2 + 2 equals 4.
What is the largest planet in our solar system?,The largest planet in our solar system is Jupiter.
What is the boiling point of water?,The boiling point of water is 100 degrees Celsius.
What is your name?,My name is ChatGPT.
What is the capital of France?,The capital of France is Paris.
What is 2 + 2?,2 + 2 equals 4.
What is the largest planet in our solar system?,The largest planet in our solar system is Jupiter.
What is the boiling point of water?,The boiling point of water is 100 degrees Celsius.
What is your name?,My name is ChatGPT.
What is the capital of France?,The capital of France is Paris.
What is 2 + 2?,2 + 2 equals 4.
What is the largest planet in our solar system?,The largest planet in our solar system is Jupiter.
What is the boiling point of water?,The boiling point of water is 100 degrees Celsius.
What is your name?,My name is ChatGPT.
What is the capital of France?,The capital of France is Paris.
What is 2 + 2?,2 + 2 equals 4.
What is the largest planet in our solar system?,The largest planet in our solar system is Jupiter.
What is the boiling point of water?,The boiling point of water is 100 degrees Celsius.
What is your name?,My name is ChatGPT.
What is the capital of France?,The capital of France is Paris.
What is 2 + 2?,2 + 2 equals 4.
What is the largest planet in our solar system?,The largest planet in our solar system is Jupiter.
What is the boiling point of water?,The boiling point of water is 100 degrees Celsius.
What is your name?,My name is ChatGPT.
What is the capital of France?,The capital of France is Paris.
What is 2 + 2?,2 + 2 equals 4.
What is the largest planet in our solar system?,The largest planet in our solar system is Jupiter.
What is the boiling point of water?,The boiling point of water is 100 degrees Celsius.
What is your name?,My name is ChatGPT.
What is the capital of France?,The capital of France is Paris.
What is 2 + 2?,2 + 2 equals 4.
What is the largest planet in our solar system?,The largest planet in our solar system is Jupiter.
What is the boiling point of water?,The boiling point of water is 100 degrees Celsius.
What is your name?,My name is ChatGPT.
What is the capital of France?,The capital of France is Paris.
What is 2 + 2?,2 + 2 equals 4.
What is the largest planet in our solar system?,The largest planet in our solar system is Jupiter.
What is the boiling point of water?,The boiling point of water is 100 degrees Celsius.
What is your name?,My name is ChatGPT.
What is the capital of France?,The capital of France is Paris.
What is 2 + 2?,2 + 2 equals 4.
What is the largest planet in our solar system?,The largest planet in our solar system is Jupiter.
What is the boiling point of water?,The boiling point of water is 100 degrees Celsius.
What is your name?,My name is ChatGPT.
What is the capital of France?,The capital of France is Paris.
What is 2 + 2?,2 + 2 equals 4.
What is the largest planet in our solar system?,The largest planet in our solar system is Jupiter.
What is the boiling point of water?,The boiling point of water is 100 degrees Celsius.
What is your name?,My name is ChatGPT.
What is the capital of France?,The capital of France is Paris.
What is 2 + 2?,2 + 2 equals 4.
What is the largest planet in our solar system?,The largest planet in our solar system is Jupiter.
What is the boiling point of water?,The boiling point of water is 100 degrees Celsius.
What is your name?,My name is ChatGPT.
What is the capital of France?,The capital of France is Paris.
What is 2 + 2?,2 + 2 equals 4.
What is the largest planet in our solar system?,The largest planet in our solar system is Jupiter.
What is the boiling point of water?,The boiling point of water is 100 degrees Celsius.
What is your name?,My name is ChatGPT.
What is the capital of France?,The capital of France is Paris.
What is 2 + 2?,2 + 2 equals 4.
What is the largest planet in our solar system?,The largest planet in our solar system is Jupiter.
What is the boiling point of water?,The boiling point of water is 100 degrees Celsius.
What is your name?,My name is ChatGPT.
What is the capital of France?,The capital of France is Paris.
What is 2 + 2?,2 + 2 equals 4.
What is the largest planet in our solar system?,The largest planet in our solar system is Jupiter.
What is the boiling point of water?,The boiling point of water is 100 degrees Celsius.
What is your name?,My name is ChatGPT.
What is the capital of France?,The capital of France is Paris.
What is 2 + 2?,2 + 2 equals 4.
What is the largest planet in our solar system?,The largest planet in our solar system is Jupiter.
What is the boiling point of water?,The boiling point of water is 100 degrees Celsius.
